id;first_name;last_name;email;password
1;Chelsey;Wyman;"KeLrCZ@lN.En7f.o.stVyrM.ahz68.G-";"F0C41a506DFdffAD5359e8c5D8e69Dcf26BAc34cb0b2E529A5BfA5062b45eDfc"
2;Pat;Botsford;"L@Rn.6WRp.WMzjb.6k.yN0O5.jN";"E17004Dc317Bbcef44b6dFdFDFd0e6f5e4E2a7fC661FEb289EdC9c16ebcDD8Ab"
3;Crystel;Jacobson;"QbC7D0@9H.kqP.bNlZH.Cl.p4Ruia.qW.aR";"A81b6e9E5376a17fFf690E22E77622c55FD72EE78bA7d47FeC41a50C4bCc89A0"
4;Pearlie;Smitham;"UUV@lI89f.zV.3.0ajls.YJTIC.OSj";"60cC2461EfA3aF4780Ddc2d5DEdb6a195E42eE9AD05fDA073D910D03Cc08fCb6"
5;Corine;Howe;"0.S@9q5F.KMhep.Y52508.exHFp.Kh-q";"FE49a3bD962aFacF5f8aE95D6aDAa10FA9EDfaD9df7Ee172DED60F304820e244"
6;Winona;Schultz;"0i9x@Gsm.5MNb";"cf6338b214a6Da9c473ECc7B22DF68b8CfBB7cC3AF3200E8a4c2e1Ff8F307aCb"
7;Raven;Yundt;"t@L.HC.2MpB.KcU";"0a8D899388D9Accc9aCb4DbBAb6FCa372Ff2Ea282abce7cA2Eb7DBbdEa07Be39"
8;Kristina;Hamill;"_xEERx@6c.SGuW8.qXrs.7m";"AeFd6EBbe6D7Ea885Fe11279FB2cb3e8aF7017b700d68Bcb3ad743e98b9D835A"
9;Shad;Bernhard;"t@un.eAr";"82AbEFCB13b0Ac8C4523Ea46D5dca9dE5a2FcC35CA974cf6ccdBe3BAcaFaa356"
10;Elinor;Kirlin;"Oj@mn4iEu.QWAf0.2WE";"CA8dC6e9de4A7675Afc8eC22Ab1B74A56398D1e96e6aBa7E622D4bd6CbDfCA43"
